Institution Type,Year,School Type,Total (Inflation Adjusted),Tuition & Fees (Inflation Adjusted),Room (Inflation Adjusted),Board (Inflation Adjusted),Total,Tuition & Fees,Room,Board
All Institutions,1966-67,All (4 and 2 Year Institutions),10387.48858,4326.573312,2476.106063,3584.809208,1378.029556,573.9737621,328.4862662,475.569528
All Institutions,1967-68,All (4 and 2 Year Institutions),10324.92331,4286.652333,2495.184685,3543.08629,1415.127765,587.525985,341.988509,485.6132713
All Institutions,1968-69,All (4 and 2 Year Institutions),10147.16848,4148.525498,2506.262771,3492.38021,1458.609973,596.33194,360.2640363,502.0139967
All Institutions,1969-70,All (4 and 2 Year Institutions),10247.15328,4237.619973,2556.655018,3452.878293,1560.038913,645.14035,389.228228,525.6703348
All Institutions,1970-71,All (4 and 2 Year Institutions),10322.80818,4297.450799,2615.996029,3409.361356,1652.68273,688.0223475,418.8212532,545.8391296
All Institutions,1971-72,All (4 and 2 Year Institutions),10434.49288,4364.424166,2682.743874,3387.324835,1730.489275,723.8098967,444.9147225,561.7646557
All Institutions,1972-73,All (4 and 2 Year Institutions),10632.44786,4401.949871,2827.276328,3403.221664,1834.380002,759.4534124,487.7803515,587.1462379
All Institutions,1973-74,All (4 and 2 Year Institutions),10127.53241,4234.254529,2636.461705,3256.816172,1903.050057,795.6526822,495.4137294,611.9836455
All Institutions,1974-75,All (4 and 2 Year Institutions),9500.678617,3877.54404,2529.701091,3093.433487,1983.089157,809.3648726,528.0278393,645.6964446
All Institutions,1975-76,All (4 and 2 Year Institutions),9410.343676,3709.298234,2545.306715,3155.738727,2103.294199,829.0606301,568.898335,705.3352339
All Institutions,1976-77,All (4 and 2 Year Institutions),9618.717562,3906.522691,2550.836245,3161.358626,2275.209228,924.047974,603.3742155,747.7870385
All Institutions,1977-78,All (4 and 2 Year Institutions),9550.347162,3900.035331,2556.304509,3094.007322,2410.751301,984.4684268,645.2764822,781.0063917
All Institutions,1978-79,All (4 and 2 Year Institutions),9369.525835,3885.442426,2491.908358,2992.175051,2586.639529,1072.651823,687.9396861,826.0480199
All Institutions,1979-80,All (4 and 2 Year Institutions),8977.65997,3716.521696,2399.990023,2861.148251,2808.918328,1162.820372,750.9056908,895.1922646
All Institutions,1980-81,All (4 and 2 Year Institutions),8883.145748,3691.068467,2395.211279,2796.866001,3101.257024,1288.61468,836.2089305,976.4334143
All Institutions,1981-82,All (4 and 2 Year Institutions),9200.140636,3840.600686,2504.411098,2855.128851,3489.38376,1456.644001,949.8606339,1082.879126
All Institutions,1982-83,All (4 and 2 Year Institutions),9800.368639,4110.132326,2688.880749,3001.355564,3876.684354,1625.825136,1063.627534,1187.231683
All Institutions,1983-84,All (4 and 2 Year Institutions),10158.83916,4345.806117,2791.545866,3021.487179,4167.226032,1782.679703,1145.111406,1239.434922
All Institutions,1984-85,All (4 and 2 Year Institutions),10703.96018,4657.456113,2972.625524,3073.878541,4562.705062,1985.30247,1267.121075,1310.281517
All Institutions,1985-86,All (4 and 2 Year Institutions),11138.09616,4973.248047,3051.488573,3113.359545,4884.672345,2181.044843,1338.246826,1365.380676
All Institutions,1986-87,All (4 and 2 Year Institutions),11612.36252,5157.375619,3133.426872,3321.560028,5205.733861,2312.012293,1404.691452,1489.030116
All Institutions,1987-88,All (4 and 2 Year Institutions),11768.81969,5264.909789,3186.405493,3317.504412,5494.481074,2458.016007,1487.629612,1548.835455
All Institutions,1988-89,All (4 and 2 Year Institutions),12015.15402,5441.068118,3223.759956,3350.325951,5868.552858,2657.576906,1574.578708,1636.397244
All Institutions,1989-90,All (4 and 2 Year Institutions),12129.7297,5548.253044,3200.694835,3380.781826,6207.219031,2839.240669,1637.910685,1730.067677
All Institutions,1990-91,All (4 and 2 Year Institutions),12157.70187,5588.624766,3229.967579,3339.109521,6561.678183,3016.257316,1743.257733,1802.163134
All Institutions,1991-92,All (4 and 2 Year Institutions),12705.49214,5898.490427,3364.368779,3442.632936,7077.052215,3285.502385,1873.97806,1917.571769
All Institutions,1992-93,All (4 and 2 Year Institutions),12974.17836,6123.102855,3375.329826,3475.745676,7452.442591,3517.14546,1938.808845,1996.488286
All Institutions,1993-94,All (4 and 2 Year Institutions),13459.12567,6494.729596,3490.802207,3473.593865,7931.264671,3827.248565,2057.078365,2046.937742
All Institutions,1994-95,All (4 and 2 Year Institutions),13701.49232,6672.111342,3539.111274,3490.269704,8305.514363,4044.473061,2145.323942,2115.71736
All Institutions,1995-96,All (4 and 2 Year Institutions),14133.30812,6966.859005,3635.639947,3530.809172,8800.351858,4338.036789,2263.794894,2198.520175
All Institutions,1996-97,All (4 and 2 Year Institutions),14374.31754,7126.618883,3693.387431,3554.311224,9205.782753,4564.119655,2365.366024,2276.297075
All Institutions,1997-98,All (4 and 2 Year Institutions),14708.06759,7294.246856,3749.29019,3664.53054,9587.517098,4754.786177,2443.990932,2388.739989
All Institutions,1998-99,All (4 and 2 Year Institutions),15194.06046,7559.441428,3856.327769,3778.291261,10075.77237,5012.959591,2557.280913,2505.53187
All Institutions,1999-20,All (4 and 2 Year Institutions),15287.25811,7653.436997,3936.655483,3697.165631,10430.22698,5221.805277,2685.910707,2522.510999
All Institutions,2000/1/1,All (4 and 2 Year Institutions),15332.84919,7620.114918,3998.309155,3714.425118,10819.74171,5377.192077,2821.43728,2621.112349
All Institutions,2001/2/1,All (4 and 2 Year Institutions),15846.61143,7862.547569,4151.05815,3833.005712,11380.264,5646.498458,2981.087649,2752.677889
All Institutions,2002/3/1,All (4 and 2 Year Institutions),16368.67437,8178.111207,4331.470115,3859.093053,12013.51955,6002.190321,3179.011307,2832.317926
All Institutions,2003/4/1,All (4 and 2 Year Institutions),17271.53864,8810.808602,4479.064744,3981.66529,12953.47996,6608.017678,3359.253429,2986.20885
All Institutions,2004/5/1,All (4 and 2 Year Institutions),17854.01676,9218.847897,4623.002874,4012.165987,13793.28317,7122.104862,3571.542954,3099.635356
All Institutions,2005/6/1,All (4 and 2 Year Institutions),18247.0751,9478.418003,4750.823535,4017.833561,14633.78271,7601.498252,3810.063745,3222.22071
All Institutions,2006/7/1,All (4 and 2 Year Institutions),18822.43356,9836.917531,4884.453128,4101.062903,15485.563,8093.013354,4018.529612,3374.020035
All Institutions,2007/8/1,All (4 and 2 Year Institutions),19019.35026,9939.075304,4938.299547,4141.975405,16227.39116,8480.061648,4213.378339,3533.951168
All Institutions,2008/9/1,All (4 and 2 Year Institutions),19702.6462,10278.6393,5139.045426,4284.961467,17045.07267,8892.214382,4445.869955,3706.988334
All Institutions,2009/10/1,All (4 and 2 Year Institutions),20206.09608,10457.58872,5332.758987,4415.748373,17649.78244,9134.578253,4658.100979,3857.103212
All Institutions,2010/11/1,All (4 and 2 Year Institutions),20734.8839,10745.96457,5474.290462,4514.628866,18475.35821,9574.953288,4877.745048,4022.659877
All Institutions,2011/12/1,All (4 and 2 Year Institutions),21154.27624,11098.25784,5544.348941,4511.669461,19401.3025,10178.58778,5084.910008,4137.804716
All Institutions,2012-13,All (4 and 2 Year Institutions),21699.97567,11455.47595,5679.731576,4564.768148,20232.99764,10681.05427,5295.766101,4256.177267
All Institutions,2013-14,All (4 and 2 Year Institutions),22170.70882,11693.02003,5829.135158,4648.553631,20994.82831,11072.85067,5519.971996,4402.005644
All Institutions,2014-15,All (4 and 2 Year Institutions),22779.71223,12043.02866,5995.287014,4741.396558,21728.61349,11487.34068,5718.653202,4522.619609
All Institutions,2015-16,All (4 and 2 Year Institutions),23366.77866,12352.31076,6159.715765,4854.752141,22438.89174,11861.80465,5915.115524,4661.971567
All Institutions,2016-17,All (4 and 2 Year Institutions),23611.66489,12494.36369,6244.324284,4872.976913,23091.13981,12218.92231,6106.666586,4765.550913
All Institutions,2017-18,All (4 and 2 Year Institutions),23834.94531,12615.26176,6320.382969,4899.300581,23834.94531,12615.26176,6320.382969,4899.300581
Public Institutions,1966-67,All (4 and 2 Year Institutions),7648.297217,2072.930401,2195.14246,3380.224357,1014.641753,275,291.2129497,448.4288029
Public Institutions,1967-68,All (4 and 2 Year Institutions),7701.014632,2064.798224,2263.618929,3372.597479,1055.496424,283,310.250246,462.2461776
Public Institutions,1968-69,All (4 and 2 Year Institutions),7732.470194,2052.237923,2324.233405,3355.998866,1111.507921,295,334.098131,482.40979
Public Institutions,1969-70,All (4 and 2 Year Institutions),7859.631937,2121.633302,2403.533201,3334.465434,1196.559798,323,365.9167789,507.6430191
Public Institutions,1970-71,All (4 and 2 Year Institutions),7970.299974,2192.37825,2481.877324,3296.0444,1276.045906,351,397.3488336,527.6970724
Public Institutions,1971-72,All (4 and 2 Year Institutions),8122.143138,2267.202333,2567.241678,3287.699127,1347.001887,376,425.7594732,545.2424135
Public Institutions,1972-73,All (4 and 2 Year Institutions),8418.277188,2359.056617,2732.010053,3327.210519,1452.376679,407,471.3443855,574.0322939
Public Institutions,1973-74,All (4 and 2 Year Institutions),8062.217175,2330.920922,2546.561645,3184.734607,1514.959641,438,478.5207383,598.4389023
Public Institutions,1974-75,All (4 and 2 Year Institutions),7479.428542,2069.646314,2420.252058,2989.530171,1561.190967,432,505.1823986,624.0085686
Public Institutions,1975-76,All (4 and 2 Year Institutions),7440.28694,1937.284292,2431.039214,3071.963435,1662.969271,433,543.358548,686.6107226
Public Institutions,1976-77,All (4 and 2 Year Institutions),7563.137405,2023.562693,2462.576362,3076.99835,1788.982773,478.6530516,582.4972432,727.8324783
Public Institutions,1977-78,All (4 and 2 Year Institutions),7477.71966,2026.666731,2459.70091,2991.352019,1887.567236,511.5823934,620.8912689,755.0935739
Public Institutions,1978-79,All (4 and 2 Year Institutions),7221.328916,1965.970371,2372.178019,2883.180526,1993.588059,542.744293,654.8858013,795.9579649
Public Institutions,1979-80,All (4 and 2 Year Institutions),6919.482406,1864.621974,2285.278153,2769.58228,2164.958465,583.4004466,715.0147932,866.5432254
Public Institutions,1980-81,All (4 and 2 Year Institutions),6798.164088,1818.541671,2287.685299,2691.937119,2373.354522,634.8837778,798.6697847,939.8009596
Public Institutions,1981-82,All (4 and 2 Year Institutions),7020.676702,1881.96617,2397.970439,2740.740093,2662.767477,713.7828052,909.4903478,1039.494324
Public Institutions,1982-83,All (4 and 2 Year Institutions),7444.239461,2017.85539,2553.906001,2872.47807,2944.681747,798.1932828,1010.236227,1136.252237
Public Institutions,1983-84,All (4 and 2 Year Institutions),7693.583334,2173.043635,2649.771441,2870.768259,3155.961054,891.3975171,1086.954558,1177.60898
Public Institutions,1984-85,All (4 and 2 Year Institutions),7995.142496,2277.403157,2805.432907,2912.306431,3408.03558,970.7733157,1195.853003,1241.409261
Public Institutions,1985-86,All (4 and 2 Year Institutions),8143.272968,2382.178302,2831.209638,2929.885028,3571.276426,1044.717185,1241.642307,1284.916934
Public Institutions,1986-87,All (4 and 2 Year Institutions),8487.782426,2467.537469,2901.890036,3118.35492,3805.008353,1106.178294,1300.895248,1397.934811
Public Institutions,1987-88,All (4 and 2 Year Institutions),8674.655234,2609.450289,2951.692258,3113.512688,4049.915816,1218.267898,1378.049598,1453.59832
Public Institutions,1988-89,All (4 and 2 Year Institutions),8750.842037,2630.288406,2982.270553,3138.283077,4274.167351,1284.709835,1456.628217,1532.829299
Public Institutions,1989-90,All (4 and 2 Year Institutions),8801.074082,2649.810347,2957.179167,3194.084568,4503.826207,1356.003276,1513.294958,1634.527974
Public Institutions,1990-91,All (4 and 2 Year Institutions),8813.692548,2693.958156,2986.757732,3132.97666,4756.870561,1453.966107,1611.994048,1690.910406
Public Institutions,1991-92,All (4 and 2 Year Institutions),9224.941113,2922.676907,3107.304324,3194.959881,5138.35979,1627.952451,1730.791276,1779.616063
Public Institutions,1992-93,All (4 and 2 Year Institutions),9363.688325,3101.503398,3057.212348,3204.97258,5378.556373,1781.521371,1756.080338,1840.954664
Public Institutions,1993-94,All (4 and 2 Year Institutions),9663.229735,3295.627025,3177.909607,3189.693103,5694.399064,1942.064502,1872.69536,1879.639201
Public Institutions,1994-95,All (4 and 2 Year Institutions),9840.390793,3393.237939,3232.141912,3215.010943,5965.007691,2056.899043,1959.246514,1948.862134
Public Institutions,1995-96,All (4 and 2 Year Institutions),10046.87455,3499.014111,3304.171195,3243.689247,6255.862418,2178.722424,2057.400069,2019.739925
Public Institutions,1996-97,All (4 and 2 Year Institutions),10195.90174,3546.719186,3353.557963,3295.624595,6529.788713,2271.434885,2147.728125,2110.625703
Public Institutions,1997-98,All (4 and 2 Year Institutions),10452.28418,3621.11037,3413.522026,3417.651789,6813.366389,2360.436365,2225.11901,2227.811014
Public Institutions,1998-99,All (4 and 2 Year Institutions),10716.87558,3664.60571,3512.962351,3539.307518,7106.776966,2430.142559,2329.581951,2347.052456
Public Institutions,1999-20,All (4 and 2 Year Institutions),10710.82295,3669.336576,3576.117005,3465.369368,7307.805868,2503.523724,2439.921653,2364.360491
Public Institutions,2000/1/1,All (4 and 2 Year Institutions),10750.53417,3630.728726,3640.131734,3479.673713,7586.196244,2562.051353,2568.686657,2455.458234
Public Institutions,2001/2/1,All (4 and 2 Year Institutions),11169.86376,3759.918294,3791.782707,3618.162761,8021.651755,2700.190067,2723.073535,2598.388153
Public Institutions,2002/3/1,All (4 and 2 Year Institutions),11583.47699,3954.882733,3992.008817,3636.585437,8501.502571,2902.621187,2929.869267,2669.012118
Public Institutions,2003/4/1,All (4 and 2 Year Institutions),12329.23915,4425.020118,4141.322229,3762.8968,9246.805137,3318.720504,3105.949946,2822.134687
Public Institutions,2004/5/1,All (4 and 2 Year Institutions),12768.50201,4697.617973,4276.933545,3793.950493,9864.422461,3629.187528,3304.183944,2931.05099
Public Institutions,2005/6/1,All (4 and 2 Year Institutions),13035.58664,4829.951035,4420.663721,3784.971883,10454.27507,3873.522389,3545.282297,3035.470386
Public Institutions,2006/7/1,All (4 and 2 Year Institutions),13432.69373,4986.067053,4566.36159,3880.265091,11051.32471,4102.129261,3756.829841,3192.365606
Public Institutions,2007/8/1,All (4 and 2 Year Institutions),13561.12391,5025.563806,4630.858278,3904.701823,11570.40904,4287.832579,3951.068131,3331.508331
Public Institutions,2008/9/1,All (4 and 2 Year Institutions),14112.08113,5215.291571,4842.962059,4053.827496,12208.58589,4511.831708,4189.723523,3507.030658
Public Institutions,2009/10/1,All (4 and 2 Year Institutions),14676.11153,5453.110694,5038.361791,4184.639044,12819.4073,4763.22675,4400.948561,3655.231986
Public Institutions,2010/11/1,All (4 and 2 Year Institutions),15224.95562,5695.620955,5214.184849,4315.149819,13565.85888,5074.956673,4645.983713,3844.918498
Public Institutions,2011/12/1,All (4 and 2 Year Institutions),15655.97155,6065.937108,5287.571143,4302.463299,14358.62123,5563.276164,4849.410402,3945.934666
Public Institutions,2012-13,All (4 and 2 Year Institutions),16110.24293,6326.254527,5428.605952,4355.382454,15021.1462,5898.582322,5061.61726,4060.946622
Public Institutions,2013-14,All (4 and 2 Year Institutions),16503.81781,6463.07099,5600.568522,4440.178295,15628.49542,6120.285413,5303.527979,4204.682029
Public Institutions,2014-15,All (4 and 2 Year Institutions),16971.08694,6678.456296,5770.530524,4522.100118,16188.00909,6370.29977,5504.2674,4313.44192
Public Institutions,2015-16,All (4 and 2 Year Institutions),17459.42582,6885.15113,5920.762755,4653.511932,16766.11789,6611.744095,5685.651258,4468.722539
Public Institutions,2016-17,All (4 and 2 Year Institutions),17627.00701,6971.626497,5991.033332,4664.347178,17238.41521,6817.93524,5858.959497,4561.520473
Public Institutions,2017-18,All (4 and 2 Year Institutions),17796.69554,7053.701205,6060.454843,4682.539497,17796.69554,7053.701205,6060.454843,4682.539497
Private Institutions,1966-67,All (4 and 2 Year Institutions),16010.56062,9294.266124,2902.102561,3814.191937,2124,1233,385,506
Private Institutions,1967-68,All (4 and 2 Year Institutions),16087.91549,9463.050518,2860.073865,3764.791108,2205,1297,392,516
Private Institutions,1968-69,All (4 and 2 Year Institutions),16146.59057,9621.169653,2810.522444,3714.898478,2321,1383,404,534
Private Institutions,1969-70,All (4 and 2 Year Institutions),16601.82886,10069.54753,2851.439198,3680.842134,2527.482349,1533,434.1065253,560.3758237
Private Institutions,1970-71,All (4 and 2 Year Institutions),17045.77251,10518.41873,2888.095479,3639.258307,2729.030062,1684,462.384405,582.6456569
Private Institutions,1971-72,All (4 and 2 Year Institutions),17500.31594,10974.22406,2927.582767,3598.509115,2902.307702,1820,485.5195782,596.788124
Private Institutions,1972-73,All (4 and 2 Year Institutions),17597.9033,11001.2026,3030.962068,3565.738633,3036.106295,1898,522.9215581,615.1847368
Private Institutions,1973-74,All (4 and 2 Year Institutions),16828.99364,10584.93542,2831.145352,3412.912864,3162.312004,1989,531.9964535,641.3155504
Private Institutions,1974-75,All (4 and 2 Year Institutions),16231.84066,10142.22511,2769.004254,3320.611303,3388.093473,2117,577.9779038,693.1155693
Private Institutions,1975-76,All (4 and 2 Year Institutions),16304.75308,10165.14991,2798.347462,3341.255714,3644.255062,2272,625.4551571,746.7999046
Private Institutions,1976-77,All (4 and 2 Year Institutions),16513.27603,10428.28681,2743.231554,3341.757663,3906.046494,2466.704551,648.8833576,790.4585849
Private Institutions,1977-78,All (4 and 2 Year Institutions),16473.27738,10393.9987,2765.63122,3313.647457,4158.275526,2623.710475,698.115885,836.4491659
Private Institutions,1978-79,All (4 and 2 Year Institutions),16351.82709,10386.8637,2744.805329,3220.158061,4514.23936,2867.495398,757.7568052,888.9871565
Private Institutions,1979-80,All (4 and 2 Year Institutions),15700.81828,10004.11579,2643.922457,3052.780038,4912.451171,3130.07446,827.226947,955.1497637
Private Institutions,1980-81,All (4 and 2 Year Institutions),15668.12843,10019.33682,2628.417888,3020.373715,5470.009692,3497.920622,917.6253175,1054.463753
Private Institutions,1981-82,All (4 and 2 Year Institutions),16256.03519,10421.44174,2735.595409,3098.998042,6165.508492,3952.592794,1037.543074,1175.372624
Private Institutions,1982-83,All (4 and 2 Year Institutions),17493.78218,11221.53265,2985.980968,3286.268566,6919.930685,4438.847316,1181.150029,1299.933339
Private Institutions,1983-84,All (4 and 2 Year Institutions),18303.92666,11824.6931,3114.627203,3364.606359,7508.397216,4850.57083,1277.641604,1380.184781
Private Institutions,1984-85,All (4 and 2 Year Institutions),19241.88758,12467.71424,3345.05041,3429.122926,8202.10991,5314.528636,1425.872124,1461.70915
Private Institutions,1985-86,All (4 and 2 Year Institutions),20258.61502,13199.69055,3542.164288,3516.760183,8884.525243,5788.795717,1553.435316,1542.294209
Private Institutions,1986-87,All (4 and 2 Year Institutions),21584.46494,14088.51671,3699.366275,3796.581957,9676.151589,6315.774966,1658.397785,1701.978837
Private Institutions,1987-88,All (4 and 2 Year Institutions),22515.03164,14968.5048,3743.625269,3802.901579,10511.53968,6988.310506,1747.777494,1775.451685
Private Institutions,1988-89,All (4 and 2 Year Institutions),22909.1025,15275.61408,3785.190694,3848.297734,11189.47612,7461.056967,1848.797912,1879.621237
Private Institutions,1989-90,All (4 and 2 Year Institutions),23485.25369,15920.72099,3758.117454,3806.415243,12018.24914,8147.205645,1923.163891,1947.879607
Private Institutions,1990-91,All (4 and 2 Year Institutions),23919.71064,16253.56671,3822.974984,3843.168938,12909.79538,8772.27253,2063.31195,2074.210904
Private Institutions,1991-92,All (4 and 2 Year Institutions),24941.12745,16910.74431,3987.945821,4042.437319,13892.39073,9419.408483,2221.315042,2251.667205
Private Institutions,1992-93,All (4 and 2 Year Institutions),25476.13815,17307.69764,4087.762958,4080.677546,14633.64012,9941.640968,2348.034529,2343.964628
Private Institutions,1993-94,All (4 and 2 Year Institutions),26295.43402,17939.86418,4225.385759,4130.184082,15495.51226,10571.69793,2489.95764,2433.856694
Private Institutions,1994-95,All (4 and 2 Year Institutions),26736.15349,18329.34873,4268.473659,4138.331098,16206.81176,11110.80936,2587.445838,2508.556555
Private Institutions,1995-96,All (4 and 2 Year Institutions),27636.65834,19053.93885,4397.098293,4185.621193,17208.44939,11864.26877,2737.930271,2606.25035
Private Institutions,1996-97,All (4 and 2 Year Institutions),28166.53593,19514.7132,4493.237044,4158.585688,18038.77019,12497.86014,2877.615857,2663.294191
Private Institutions,1997-98,All (4 and 2 Year Institutions),28405.62327,19637.31644,4531.228635,4237.078193,18516.32767,12800.66916,2953.700869,2761.957639
Private Institutions,1998-99,All (4 and 2 Year Institutions),29206.90434,20249.48951,4636.410743,4321.004091,19368.2341,13428.22398,3074.58427,2865.425853
Private Institutions,1999-20,All (4 and 2 Year Institutions),29626.21013,20666.18643,4743.106976,4216.916728,20213.44142,14100.17504,3236.138358,2877.128019
Private Institutions,2000/1/1,All (4 and 2 Year Institutions),30288.32927,21257.25596,4792.718334,4238.35498,21373.19003,15000.34442,3382.018162,2990.827443
Private Institutions,2001/2/1,All (4 and 2 Year Institutions),31209.80444,21920.42735,4967.35986,4322.017229,22413.36044,15742.18256,3567.315751,3103.862127
Private Institutions,2002/3/1,All (4 and 2 Year Institutions),31801.57424,22321.70519,5112.260324,4367.608727,23340.24278,16382.64869,3752.05945,3205.534648
Private Institutions,2003/4/1,All (4 and 2 Year Institutions),32832.37093,23086.55524,5260.450046,4485.36564,24623.94739,17314.68382,3945.284533,3363.979038
Private Institutions,2004/5/1,All (4 and 2 Year Institutions),33417.08729,23498.32842,5407.799395,4510.959477,25816.67499,18153.84753,4177.84465,3484.982807
Private Institutions,2005/6/1,All (4 and 2 Year Institutions),33551.70028,23519.79874,5486.404934,4545.496607,26907.78049,18862.39971,4399.985051,3645.39573
Private Institutions,2006/7/1,All (4 and 2 Year Institutions),34568.13287,24366.51477,5598.834897,4602.783202,28439.84003,20046.78079,4606.26466,3786.794573
Private Institutions,2007/8/1,All (4 and 2 Year Institutions),34889.59142,24580.70002,5629.787927,4679.103466,29767.94893,20972.35861,4803.359189,3992.231132
Private Institutions,2008/9/1,All (4 and 2 Year Institutions),35561.11734,24939.00315,5808.901885,4813.212309,30764.48835,21575.12837,5025.373433,4163.986541
Private Institutions,2009/10/1,All (4 and 2 Year Institutions),35880.31354,24916.05027,6007.947872,4956.315403,31341.02329,21763.8709,5247.870367,4329.282025
Private Institutions,2010/11/1,All (4 and 2 Year Institutions),35773.18436,24737.17494,6063.829502,4972.179912,31874.90215,22041.51084,5403.040728,4430.350584
Private Institutions,2011/12/1,All (4 and 2 Year Institutions),36045.35581,24915.11717,6130.237146,5000.001501,33058.41542,22850.49696,5622.247904,4585.670552
Private Institutions,2012-13,All (4 and 2 Year Institutions),36983.38048,25679.46848,6253.547859,5050.364141,34483.20225,23943.46579,5830.790825,4708.945636
Private Institutions,2013-14,All (4 and 2 Year Institutions),38010.92133,26516.35245,6358.478655,5136.09023,35994.91444,25109.98956,6021.240401,4863.684487
Private Institutions,2014-15,All (4 and 2 Year Institutions),39232.0163,27448.15406,6522.312356,5261.549885,37421.77733,26181.64464,6221.360605,5018.772084
Private Institutions,2015-16,All (4 and 2 Year Institutions),40629.6825,28570.8944,6723.918997,5334.869099,39016.29147,27436.3538,6456.914436,5123.023241
Private Institutions,2016-17,All (4 and 2 Year Institutions),41844.97417,29597.18952,6860.846507,5386.938145,40922.4912,28944.71204,6709.597422,5268.181741
Private Institutions,2017-18,All (4 and 2 Year Institutions),42680.5296,30282.4508,6960.66263,5437.416172,42680.5296,30282.4508,6960.66263,5437.416172
All Institutions,1966-67,4 Year,10848.96414,4826.545648,2465.399,3557.01949,1439.250028,640.301311,327.0658411,471.8828762
All Institutions,1967-68,4 Year,10851.63112,4834.92124,2489.244085,3527.465798,1487.318021,662.6713909,341.1742938,483.472336
All Institutions,1968-69,4 Year,10749.91449,4753.461792,2505.24619,3491.206504,1545.252009,683.28882,360.1179073,501.8452818
All Institutions,1969-70,4 Year,10998.78618,4959.288539,2574.03202,3465.465619,1674.468407,755.0080385,391.8737237,527.5866445
All Institutions,1970-71,4 Year,11145.0478,5082.992216,2635.330754,3426.724833,1784.323384,813.787615,421.9167447,548.6190241
All Institutions,1971-72,4 Year,11321.45353,5217.797072,2703.893876,3399.762581,1877.585633,865.3359563,448.4223056,563.8273708
All Institutions,1972-73,4 Year,11770.57569,5508.374285,2854.224033,3407.977367,2030.737317,950.3410465,492.4295472,587.9667231
All Institutions,1973-74,4 Year,11160.89688,5239.699556,2660.144929,3261.0524,2097.228091,984.584412,499.8640099,612.779669
All Institutions,1974-75,4 Year,10475.66366,4829.567307,2552.002628,3094.093725,2186.599068,1008.081943,532.6828686,645.8342569
All Institutions,1975-76,4 Year,10535.60021,4801.345883,2577.453396,3156.800935,2354.798887,1073.14284,576.0833995,705.5726467
All Institutions,1976-77,4 Year,10893.89681,5150.913731,2582.166486,3160.816593,2576.839833,1218.395943,610.7850635,747.6588261
All Institutions,1977-78,4 Year,10795.2535,5116.281883,2590.178239,3088.793376,2724.997424,1291.480089,653.8270759,779.6902585
All Institutions,1978-79,4 Year,10567.13529,5059.374319,2519.294134,2988.466836,2917.262872,1396.738515,695.5000612,825.0242952
All Institutions,1979-80,4 Year,10122.30579,4835.556246,2426.688832,2860.06071,3167.053591,1512.942416,759.2591786,894.8519963
All Institutions,1980-81,4 Year,10023.61739,4808.293442,2422.939483,2792.384468,3499.415042,1678.65689,845.8893173,974.8688348
All Institutions,1981-82,4 Year,10416.72847,5028.629094,2534.879407,2853.219972,3950.805168,1907.23353,961.4165029,1082.155135
All Institutions,1982-83,4 Year,11138.42892,5408.393929,2724.964049,3005.070945,4405.974379,2139.37219,1077.90083,1188.701358
All Institutions,1983-84,4 Year,11572.54349,5713.120743,2832.803725,3026.619023,4747.137318,2343.561612,1162.035665,1241.54004
All Institutions,1984-85,4 Year,12106.31853,6023.162853,3007.830788,3075.32489,5160.478918,2567.45309,1282.127786,1310.898042
All Institutions,1985-86,4 Year,12550.67299,6348.935765,3089.273167,3112.464059,5504.165556,2784.360136,1354.817464,1364.987956
All Institutions,1986-87,4 Year,13303.89887,6786.039318,3182.094155,3335.765399,5964.036752,3042.129851,1426.508625,1495.398276
All Institutions,1987-88,4 Year,13434.95219,6855.991845,3247.67352,3331.286826,6272.344421,3200.840732,1516.233671,1555.270018
All Institutions,1988-89,4 Year,13769.49865,7108.915926,3293.722669,3366.860054,6725.426115,3472.202586,1608.750545,1644.472984
All Institutions,1989-90,4 Year,14092.347,7426.067353,3272.511759,3393.76789,7211.560903,3800.185802,1674.661988,1736.713113
All Institutions,1990-91,4 Year,14084.45213,7427.877086,3301.435081,3355.139962,7601.571684,4008.926979,1781.829722,1810.814982
All Institutions,1991-92,4 Year,14789.29667,7873.0217,3448.959169,3467.315801,8237.746605,4385.330772,1921.095527,1931.320306
All Institutions,1992-93,4 Year,15246.34454,8272.799217,3466.079778,3507.465548,8757.587903,4751.943402,1990.936139,2014.708363
All Institutions,1993-94,4 Year,15775.62233,8686.882011,3581.644409,3507.095909,9296.34206,5119.05172,2110.610337,2066.680003
All Institutions,1994-95,4 Year,16048.05158,8893.242637,3628.488082,3526.320862,9727.942022,5390.869311,2199.502009,2137.570703
All Institutions,1995-96,4 Year,16589.82559,9292.13889,3722.933965,3574.75274,10329.94549,5785.913038,2318.150043,2225.882408
All Institutions,1996-97,4 Year,16927.09528,9553.626097,3781.150776,3592.31841,10840.66505,6118.454397,2421.572538,2300.638119
All Institutions,1997-98,4 Year,17300.07351,9742.211736,3846.192012,3711.66976,11277.1273,6350.50261,2507.156801,2419.467892
All Institutions,1998-99,4 Year,17927.46315,10137.76489,3959.207362,3830.490898,11888.398,6722.746145,2625.504372,2540.147479
All Institutions,1999-20,4 Year,18099.66324,10318.87768,4031.499183,3749.286381,12349.08147,7040.388512,2750.620893,2558.072069
All Institutions,2000/1/1,4 Year,18312.66085,10446.3335,4099.333673,3766.993671,12922.46848,7371.534728,2892.726,2658.207748
All Institutions,2001/2/1,4 Year,18992.02332,10841.78729,4261.005027,3889.23101,13639.14551,7786.04322,3060.046137,2793.056157
All Institutions,2002/3/1,4 Year,19673.54201,11320.54862,4446.131312,3906.862081,14439.07284,8308.530615,3263.165009,2867.377219
All Institutions,2003/4/1,4 Year,20674.10639,12038.58403,4597.604774,4037.917583,15505.37149,9028.81673,3448.157257,3028.397503
All Institutions,2004/5/1,4 Year,21370.04984,12563.24995,4740.1058,4066.694097,16509.62654,9705.85311,3662.011885,3141.761544
All Institutions,2005/6/1,4 Year,21760.41768,12816.85822,4869.0052,4074.554257,17451.41192,10278.85933,3904.843034,3267.709554
All Institutions,2006/7/1,4 Year,22453.15696,13286.07047,5002.971908,4164.114583,18472.62606,10930.69505,4116.037197,3425.893815
All Institutions,2007/8/1,4 Year,22696.05457,13425.81759,5059.41807,4210.818905,19364.37103,11454.96511,4316.717182,3592.688737
All Institutions,2008/9/1,4 Year,23535.95124,13923.75886,5267.526535,4344.665846,20361.32585,12045.6653,4557.021006,3758.639542
All Institutions,2009/10/1,4 Year,24185.61229,14200.69898,5477.614462,4507.298853,21125.8421,12404.14014,4784.630498,3937.071457
All Institutions,2010/11/1,4 Year,24773.39656,14528.64067,5633.846563,4610.909328,22073.78531,12945.42289,5019.913972,4108.448446
All Institutions,2011/12/1,4 Year,25089.72867,14798.26466,5695.928756,4595.535258,23010.63908,13571.98922,5223.928985,4214.720876
All Institutions,2012-13,4 Year,25601.27344,15121.67755,5827.366008,4652.22989,23870.55695,14099.41056,5433.42004,4337.726355
All Institutions,2013-14,4 Year,26084.16389,15378.15817,5970.461873,4735.543849,24700.72323,14562.53803,5653.803086,4484.382112
All Institutions,2014-15,4 Year,26637.94723,15680.29772,6133.483133,4824.166376,25408.82228,14956.77932,5850.472693,4601.570272
All Institutions,2015-16,4 Year,27212.97948,15977.40828,6292.399105,4943.172087,26132.36121,15342.95078,6042.530053,4746.880386
All Institutions,2016-17,4 Year,27191.69122,15861.44472,6371.254765,4958.991735,26592.24355,15511.77519,6230.798853,4849.669516
All Institutions,2017-18,4 Year,27356.80693,15923.60162,6450.962498,4982.242812,27356.80693,15923.60162,6450.962498,4982.242812
Public Institutions,1966-67,4 Year,7906.701557,2279.186441,2222.217771,3405.297345,1048.922302,302.3624291,294.8048265,451.7550466
Public Institutions,1967-68,4 Year,7942.457774,2262.336201,2286.777486,3393.344087,1088.588475,310.0744361,313.4243438,465.0896952
Public Institutions,1968-69,4 Year,7951.045898,2233.129562,2344.657017,3373.25932,1142.927198,321.002362,337.0339337,484.8909028
Public Institutions,1969-70,4 Year,8131.245638,2353.862367,2426.216532,3351.166738,1237.910594,358.3548315,369.3701164,510.1856457
Public Institutions,1970-71,4 Year,8281.778527,2459.014907,2505.212789,3317.550831,1325.913657,393.6885582,401.0848441,531.1402544
Public Institutions,1971-72,4 Year,8470.632658,2579.31419,2591.395727,3299.922741,1404.79649,427.7616168,429.7652571,547.2696162
Public Institutions,1972-73,4 Year,9004.20263,2913.348237,2760.521454,3330.332939,1553.4644,502.6300446,476.2633605,574.5709944
Public Institutions,1973-74,4 Year,8493.725926,2733.121092,2573.037266,3187.567568,1596.04383,513.5768557,483.4957342,598.9712399
Public Institutions,1974-75,4 Year,7888.695296,2454.909273,2449.254254,2984.531769,1646.617755,512.4164446,511.2360652,622.9652456
Public Institutions,1975-76,4 Year,7961.830639,2425.611591,2468.881112,3067.337937,1779.538853,542.1454266,551.8165435,685.5768832
Public Institutions,1976-77,4 Year,8180.691204,2606.54494,2502.005478,3072.140787,1935.058806,616.5515374,591.8237971,726.6834713
Public Institutions,1977-78,4 Year,8072.776439,2593.560968,2500.558605,2978.656865,2037.77475,654.680963,631.2047937,751.8889932
Public Institutions,1978-79,4 Year,7768.969172,2490.947691,2405.350476,2872.671005,2144.774785,687.6744752,664.043702,793.0566077
Public Institutions,1979-80,4 Year,7438.611859,2357.298267,2317.808501,2763.505091,2327.382999,737.5483508,725.1928454,864.6418027
Public Institutions,1980-81,4 Year,7305.120649,2302.229115,2322.921641,2679.969894,2550.341666,803.747278,810.97139,935.6229982
Public Institutions,1981-82,4 Year,7569.299193,2397.994185,2440.138276,2731.166731,2870.846298,909.4993544,925.4835563,1035.863387
Public Institutions,1982-83,4 Year,8079.822976,2607.492465,2604.748494,2867.582018,3196.096439,1031.433165,1030.347745,1134.315529
Public Institutions,1983-84,4 Year,8368.840465,2797.922661,2705.33405,2865.583753,3432.956196,1147.727212,1109.746724,1175.48226
Public Institutions,1984-85,4 Year,8636.736528,2880.571194,2854.404902,2901.760432,3681.52355,1227.881695,1216.727966,1236.913889
Public Institutions,1985-86,4 Year,8798.217957,3004.411801,2879.921034,2913.885122,3858.506095,1317.601053,1263.004954,1277.900088
Public Institutions,1986-87,4 Year,9229.8588,3153.474758,2950.405116,3125.978927,4137.675552,1413.678767,1322.64419,1401.352595
Public Institutions,1987-88,4 Year,9431.161914,3292.942158,3019.299027,3118.920729,4403.104304,1537.368133,1409.613011,1456.12316
Public Institutions,1988-89,4 Year,9578.116723,3370.371551,3062.529799,3145.215373,4678.232519,1646.188102,1495.829181,1536.215235
Public Institutions,1989-90,4 Year,9722.366831,3477.59221,3043.009526,3201.765095,4975.284849,1779.609033,1557.21744,1638.458376
Public Institutions,1990-91,4 Year,9713.639778,3498.390229,3069.275982,3145.973567,5242.584406,1888.129113,1656.530278,1697.925015
Public Institutions,1991-92,4 Year,10221.1995,3800.475774,3203.947473,3216.776253,5693.283011,2116.892852,1784.622217,1791.767942
Public Institutions,1992-93,4 Year,10480.20042,4089.632797,3162.126916,3228.44071,6019.887336,2349.108575,1816.343868,1854.434892
Public Institutions,1993-94,4 Year,10801.4531,4304.506464,3281.610954,3215.335686,6365.137344,2536.582308,1933.805038,1894.749998
Public Institutions,1994-95,4 Year,11003.62912,4422.338989,3336.635592,3244.654534,6670.134722,2680.715293,2022.588065,1966.831364
Public Institutions,1995-96,4 Year,11264.1919,4573.193639,3406.324503,3284.673756,7013.846386,2847.579122,2121.007616,2045.259647
Public Institutions,1996-97,4 Year,11452.16659,4664.379816,3456.589036,3331.19774,7334.341781,2987.221282,2213.712591,2133.407908
Public Institutions,1997-98,4 Year,11771.61919,4770.246781,3529.350968,3472.021444,7673.380587,3109.505876,2300.622604,2263.252107
Public Institutions,1998-99,4 Year,12104.44993,4868.839556,3633.088863,3602.521511,8026.93148,3228.716855,2409.242513,2388.972113
Public Institutions,1999-20,4 Year,12127.06818,4908.23999,3692.181465,3526.646721,8274.085045,3348.805705,2519.11039,2406.168949
Public Institutions,2000/1/1,4 Year,12262.9041,4960.656464,3761.20586,3541.041778,8653.411593,3500.524982,2654.123536,2498.763076
Public Institutions,2001/2/1,4 Year,12805.3661,5201.14056,3921.836441,3682.389099,9196.189823,3735.205656,2816.471789,2644.512378
Public Institutions,2002/3/1,4 Year,13335.52183,5512.996392,4126.725065,3695.800371,9787.387089,4046.173101,3028.742043,2712.471945
Public Institutions,2003/4/1,4 Year,14232.54546,6115.469673,4282.805863,3834.269928,10674.2657,4586.540638,3212.061246,2875.663814
Public Institutions,2004/5/1,4 Year,14789.38931,6506.36337,4424.902306,3858.12363,11425.67734,5026.550249,3418.498557,2980.628531
Public Institutions,2005/6/1,4 Year,15098.0883,6672.151166,4569.183825,3856.75331,12108.35941,5350.929386,3664.392396,3093.037628
Public Institutions,2006/7/1,4 Year,15557.27341,6887.187404,4714.008486,3956.077519,12799.25557,5666.216013,3878.301664,3254.737888
Public Institutions,2007/8/1,4 Year,15739.46617,6965.667081,4784.128751,3989.670341,13428.98,5943.137008,4081.839155,3404.003835
Public Institutions,2008/9/1,4 Year,16427.98671,7295.945326,5006.077515,4125.963872,14212.11266,6311.838371,4330.8373,3569.436985
Public Institutions,2009/10/1,4 Year,17213.6979,7689.400626,5225.232846,4299.064428,15035.95854,6716.599169,4564.178185,3755.181186
Public Institutions,2010/11/1,4 Year,17866.27858,8004.0673,5422.65725,4439.554029,15919.3511,7131.846567,4831.73842,3955.766109
Public Institutions,2011/12/1,4 Year,18303.24274,8410.343395,5485.508063,4407.39128,16786.52321,7713.410494,5030.945048,4042.167668
Public Institutions,2012-13,4 Year,18741.50189,8655.312988,5621.306295,4464.882605,17474.52482,8070.190026,5241.29053,4163.044262
Public Institutions,2013-14,4 Year,19113.29266,8777.393264,5786.250316,4549.64908,18099.57007,8311.861658,5479.361662,4308.34675
Public Institutions,2014-15,4 Year,19533.0255,8956.62897,5951.308825,4625.087706,18631.73499,8543.353275,5676.70425,4411.677466
Public Institutions,2015-16,4 Year,19998.46488,9141.39895,6092.346805,4764.719121,19204.33256,8778.397073,5850.421762,4575.513727
Public Institutions,2016-17,4 Year,19927.70679,9002.869852,6153.229266,4771.607668,19488.39548,8804.399324,6017.579782,4666.416378
Public Institutions,2017-18,4 Year,20049.84481,9037.0494,6227.267581,4785.527834,20049.84481,9037.0494,6227.267581,4785.527834
Private Institutions,1966-67,4 Year,16045.90075,9356.827699,2875.924427,3813.148626,2128.688308,1241.299571,381.5271449,505.8615918
Private Institutions,1967-68,4 Year,16222.81506,9609.766108,2847.957506,3765.091449,2223.489254,1317.10875,390.3393391,516.0411646
Private Institutions,1968-69,4 Year,16390.8374,9858.592688,2814.155224,3718.089489,2356.109386,1417.128497,404.5221959,534.4586936
Private Institutions,1969-70,4 Year,16807.25354,10259.0931,2860.88482,3687.275623,2558.756449,1561.856645,435.5445381,561.3552657
Private Institutions,1970-71,4 Year,17204.85318,10657.69286,2899.112451,3648.047873,2754.498894,1706.297804,464.1482236,584.0528672
Private Institutions,1971-72,4 Year,17598.55847,11047.53161,2940.91384,3610.113022,2918.600554,1832.157556,487.7304454,598.7125527
Private Institutions,1972-73,4 Year,17917.78029,11292.79853,3052.613583,3572.368181,3091.293582,1948.308052,526.6570202,616.3285101
Private Institutions,1973-74,4 Year,17145.48191,10880.43284,2846.655027,3418.394048,3221.782861,2044.526495,534.9108544,642.3455118
Private Institutions,1974-75,4 Year,16308.56854,10206.34833,2772.745464,3329.474741,3404.108983,2130.384526,578.7588114,694.9656464
Private Institutions,1975-76,4 Year,16414.17406,10251.29024,2812.4483,3350.435517,3668.711607,2291.253118,628.606818,748.851671
Private Institutions,1976-77,4 Year,16813.06874,10712.88793,2754.038238,3346.142578,3976.959393,2534.024033,651.439568,791.4957917
Private Institutions,1977-78,4 Year,16797.38194,10697.40921,2781.293194,3318.679535,4240.087787,2700.299029,702.0693669,837.7193906
Private Institutions,1978-79,4 Year,16696.70303,10714.42014,2756.78709,3225.495802,4609.44906,2957.923714,761.0646029,890.4607433
Private Institutions,1979-80,4 Year,16020.85961,10307.63423,2655.47515,3057.750229,5012.585276,3225.038907,830.8415379,956.7048305
Private Institutions,1980-81,4 Year,16021.945,10359.95315,2636.769408,3025.222439,5593.533067,3616.835567,920.5409751,1056.156524
Private Institutions,1981-82,4 Year,16689.32998,10845.21413,2738.16657,3105.949277,6329.846392,4113.319087,1038.518251,1178.009054
Private Institutions,1982-83,4 Year,18014.65484,11727.31936,2986.637281,3300.698202,7125.969761,4638.918917,1181.409643,1305.641201
Private Institutions,1983-84,4 Year,18915.90427,12415.56545,3118.315185,3382.023638,7759.434659,5092.95075,1279.15444,1387.32947
Private Institutions,1984-85,4 Year,19824.88776,13033.86864,3345.305375,3445.713751,8450.621474,5555.859459,1425.980806,1468.781209
Private Institutions,1985-86,4 Year,21042.17706,13956.18015,3549.762762,3536.234152,9228.160617,6120.558325,1556.767668,1550.834623
Private Institutions,1986-87,4 Year,22394.75183,14852.90537,3732.874189,3808.972266,10039.39704,6658.444594,1673.419128,1707.533318
Private Institutions,1987-88,4 Year,22831.44566,15242.23237,3770.330168,3818.883126,10659.26315,7116.105052,1760.245147,1782.912952
Private Institutions,1988-89,4 Year,23491.98335,15809.05177,3815.125447,3867.806132,11474.17218,7721.603549,1863.418921,1889.149709
Private Institutions,1989-90,4 Year,24004.50129,16407.54011,3781.05553,3815.905652,12283.96682,8396.328498,1934.90213,1952.736191
Private Institutions,1990-91,4 Year,24526.26096,16828.43427,3849.162765,3848.663925,13237.1589,9082.53642,2077.445854,2077.176623
Private Institutions,1991-92,4 Year,25596.70921,17521.21131,4023.124995,4052.3729,14257.55457,9759.443078,2240.910099,2257.201397
Private Institutions,1992-93,4 Year,26130.30786,17920.31721,4111.554951,4098.435696,15009.39896,10293.53317,2361.700787,2354.165011
Private Institutions,1993-94,4 Year,26988.1935,18585.59644,4253.29345,4149.303606,15903.74523,10952.21845,2506.403232,2445.123547
Private Institutions,1994-95,4 Year,27388.02012,18939.93351,4291.086805,4156.99981,16601.95759,11480.93113,2601.153382,2519.873078
Private Institutions,1995-96,4 Year,28284.10769,19662.42981,4418.331927,4203.345951,17611.59507,12243.15632,2751.151765,2617.286981
Private Institutions,1996-97,4 Year,28796.55486,20113.35095,4510.849879,4172.354025,18442.2549,12881.24732,2888.895693,2672.111884
Private Institutions,1997-98,4 Year,29254.82802,20471.2154,4547.274188,4236.338434,19069.88544,13344.24978,2964.160232,2761.475424
Private Institutions,1998-99,4 Year,30052.51123,21070.80612,4661.344674,4320.360436,19928.98891,13972.87096,3091.118929,2864.99902
Private Institutions,1999-20,4 Year,30393.47849,21422.28478,4751.111282,4220.082433,20736.93511,14616.04763,3241.599555,2879.287923
Private Institutions,2000/1/1,4 Year,30972.55903,21923.48469,4807.189093,4241.885248,21856.02197,15470.4738,3392.229564,2993.318604
Private Institutions,2001/2/1,4 Year,31881.80193,22573.0815,4979.706732,4329.013701,22895.95629,16210.88696,3576.182673,3108.886652
Private Institutions,2002/3/1,4 Year,32410.682,22925.63703,5128.600473,4356.444504,23787.28742,16825.89454,3764.052034,3197.34085
Private Institutions,2003/4/1,4 Year,33426.81171,23684.57853,5269.852643,4472.380543,25069.77199,17763.19526,3952.336385,3354.240346
Private Institutions,2004/5/1,4 Year,33990.71059,24080.85934,5400.88923,4508.962018,26259.83288,18603.88709,4172.506139,3483.439652
Private Institutions,2005/6/1,4 Year,34081.65318,24055.05279,5491.301506,4535.298882,27332.79192,19291.66256,4403.912001,3637.217361
Private Institutions,2006/7/1,4 Year,35150.81849,24937.57031,5606.614761,4606.633418,28919.22623,20516.59871,4612.665298,3789.962217
Private Institutions,2007/8/1,4 Year,35426.26697,25113.18166,5634.722978,4678.362327,30225.84281,21426.67423,4807.569795,3991.598789
Private Institutions,2008/9/1,4 Year,36101.91843,25476.25883,5815.97203,4809.687573,31232.34398,22039.91681,5031.489928,4160.937236
Private Institutions,2009/10/1,4 Year,36459.11795,25494.67648,6008.53795,4955.903526,31846.602,22269.29395,5248.385794,4328.922256
Private Institutions,2010/11/1,4 Year,36493.98516,25450.71412,6071.392087,4971.878959,32517.15572,22677.29409,5409.779202,4430.082426
Private Institutions,2011/12/1,4 Year,36719.96139,25583.69477,6135.740452,5000.526169,33677.11902,23463.67211,5627.295172,4586.151744
Private Institutions,2012-13,4 Year,37614.32381,26300.63201,6260.173447,5053.518348,35071.49207,24522.63696,5836.968505,4711.88661
Private Institutions,2013-14,4 Year,38649.17998,27146.55065,6363.953977,5138.675356,36599.32141,25706.76358,6026.425325,4866.132504
Private Institutions,2014-15,4 Year,39825.44516,28031.97123,6529.788309,5263.685613,37987.82426,26738.52339,6228.491603,5020.809266
Private Institutions,2015-16,4 Year,41168.30323,29097.03823,6731.605323,5339.659681,39533.52376,27941.60463,6464.29554,5127.623591
Private Institutions,2016-17,4 Year,42399.93771,30139.98727,6868.301863,5391.648579,41465.22043,29475.54368,6716.888423,5272.788332
Private Institutions,2017-18,4 Year,43139.2946,30731.21168,6967.418708,5440.664218,43139.2946,30731.21168,6967.418708,5440.664218
All Institutions,1966-67,2 Year,6978.188028,1615.331572,2110.412298,3252.444158,925.7434341,214.293824,279.9724398,431.4771703
All Institutions,1967-68,2 Year,7178.000122,1693.514386,2198.53223,3285.953505,983.8123702,232.112061,301.3295023,450.3708068
All Institutions,1968-69,2 Year,7325.052682,1741.953544,2274.034816,3309.064322,1052.94348,250.3980117,326.882309,475.6631597
All Institutions,1969-70,2 Year,7155.573739,1625.329924,2278.704029,3251.539787,1089.373133,247.4421781,346.9126358,495.0183191
All Institutions,1970-71,2 Year,6997.946071,1558.049596,2307.541526,3132.354949,1120.371939,249.4439123,369.4376532,501.4903732
All Institutions,1971-72,2 Year,7065.26276,1512.389763,2357.068858,3195.804138,1171.725505,250.819498,390.9037485,530.0022581
All Institutions,1972-73,2 Year,7395.67226,1662.638519,2404.434722,3328.599018,1275.950135,286.8493586,414.82893,574.2718469
All Institutions,1973-74,2 Year,7228.986202,1748.011883,2286.717102,3194.257217,1358.388406,328.4664002,429.6937238,600.2282822
All Institutions,1974-75,2 Year,6858.10072,1569.54592,2204.741746,3083.813054,1431.500393,327.6133864,460.1986475,643.6883589
All Institutions,1975-76,2 Year,6592.139325,1329.738605,2120.692332,3141.708388,1473.400853,297.20822,473.9933027,702.1993303
All Institutions,1976-77,2 Year,6755.100523,1460.892033,2125.255615,3168.952875,1597.849916,345.5590637,502.7074718,749.5833803
All Institutions,1977-78,2 Year,6748.332767,1498.198871,2078.833077,3171.30082,1703.451374,378.1836215,524.75051,800.5172427
All Institutions,1978-79,2 Year,6621.680904,1488.360489,2082.848939,3050.471477,1828.043582,410.8908114,575.0108908,842.1418802
All Institutions,1979-80,2 Year,6326.493599,1441.357668,2007.100046,2878.035885,1979.424915,450.9700729,627.9787967,900.4760452
All Institutions,1980-81,2 Year,6387.972149,1506.363989,2018.042144,2863.566016,2230.149551,525.8972478,704.5327806,999.7195222
All Institutions,1981-82,2 Year,6527.324838,1554.496945,2089.53546,2883.292433,2475.651426,589.5818997,792.5086572,1093.56087
All Institutions,1982-83,2 Year,6859.652717,1705.498975,2207.99599,2946.157751,2713.4396,674.6359689,873.4062793,1165.397352
All Institutions,1983-84,2 Year,6958.667588,1780.289925,2233.470169,2944.907494,2854.493536,730.2872308,916.184899,1208.021406
All Institutions,1984-85,2 Year,7458.757748,1926.40695,2481.17051,3051.180288,3179.394464,821.1565247,1057.631854,1300.606085
All Institutions,1985-86,2 Year,7677.303827,2025.86411,2524.026877,3127.41284,3366.923138,888.4536682,1106.925645,1371.543824
All Institutions,1986-87,2 Year,7350.901899,2001.417057,2306.93172,3042.553121,3295.353453,897.2200557,1034.179957,1363.95344
All Institutions,1987-88,2 Year,6989.080714,1733.269572,2178.571234,3077.239908,3262.975618,809.2074744,1017.10441,1436.663733
All Institutions,1988-89,2 Year,7315.150563,2005.296518,2220.680673,3089.173372,3572.933619,979.4455061,1084.645431,1508.842682
All Institutions,1989-90,2 Year,7239.95176,1910.746224,2158.781114,3170.424423,3704.943757,977.7975778,1104.725953,1622.420226
All Institutions,1990-91,2 Year,7282.281859,2014.913641,2190.836745,3076.531473,3930.347242,1087.476484,1182.424592,1660.446165
All Institutions,1991-92,2 Year,7346.477813,2134.968095,2173.094303,3038.415415,4092.041969,1189.192872,1210.429449,1692.419648
All Institutions,1992-93,2 Year,7324.873382,2220.833199,2158.903929,2945.136254,4207.449356,1275.659349,1240.086821,1691.703186
All Institutions,1993-94,2 Year,7549.369721,2373.557244,2260.672969,2915.139508,4448.732468,1398.702351,1332.181309,1717.848809
All Institutions,1994-95,2 Year,7643.493749,2454.101504,2302.867266,2886.524978,4633.30166,1487.617175,1395.942625,1749.741861
All Institutions,1995-96,2 Year,7588.12319,2444.703491,2365.366424,2778.053274,4724.877815,1522.237449,1472.836835,1729.803531
All Institutions,1996-97,2 Year,7643.548236,2409.320635,2377.279924,2856.947677,4895.178108,1543.00768,1522.487761,1829.682667
All Institutions,1997-98,2 Year,7965.004047,2599.541057,2451.190581,2914.272409,5192.022136,1694.522015,1597.81912,1899.681001
All Institutions,1998-99,2 Year,7978.517866,2601.711434,2436.896075,2939.910357,5290.865475,1725.29603,1616.000556,1949.568888
All Institutions,1999-20,2 Year,7943.274197,2532.424243,2596.309881,2814.540073,5419.556094,1727.828462,1771.416508,1920.311124
All Institutions,2000/1/1,2 Year,7746.307987,2406.467852,2523.454676,2816.385459,5466.241176,1698.142352,1780.694994,1987.40383
All Institutions,2001/2/1,2 Year,7961.931996,2506.068697,2573.357947,2882.505352,5717.87151,1799.736397,1848.060257,2070.074856
All Institutions,2002/3/1,2 Year,8518.657029,2593.233351,2830.015598,3095.40808,6252.128331,1903.261001,2077.04344,2271.82389
All Institutions,2003/4/1,2 Year,8940.05533,2899.347865,2944.162595,3096.54487,6704.951422,2174.481686,2208.092282,2322.377453
All Institutions,2004/5/1,2 Year,9184.110727,3026.117837,3046.544088,3111.448802,7095.268345,2337.854882,2353.635368,2403.778096
All Institutions,2005/6/1,2 Year,9022.426104,3013.654339,3006.050856,3002.720909,7235.802033,2416.88942,2410.791581,2408.121032
All Institutions,2006/7/1,2 Year,9075.835156,3033.793876,3072.668581,2969.372699,7466.856857,2495.958137,2527.941073,2442.957647
All Institutions,2007/8/1,2 Year,8951.159763,2948.887239,3087.442492,2914.830032,7637.167874,2516.003231,2634.219167,2486.945476
All Institutions,2008/9/1,2 Year,9500.30088,3025.00777,3215.759029,3259.534081,8218.86143,2616.982346,2782.004295,2819.874789
All Institutions,2009/10/1,2 Year,9777.99047,3346.580082,3427.418919,3003.99147,8540.957334,2923.19754,2993.809294,2623.950499
All Institutions,2010/11/1,2 Year,9952.732527,3433.84517,3449.973209,3068.914149,8868.161479,3059.651545,3074.022077,2734.487857
All Institutions,2011/12/1,2 Year,10191.07301,3537.287919,3490.404252,3163.380843,9346.577879,3244.166435,3201.167838,2901.243605
All Institutions,2012-13,2 Year,10267.27813,3562.336624,3582.387161,3122.554346,9573.181892,3321.512871,3340.207937,2911.461085
All Institutions,2013-14,2 Year,10445.045,3557.771943,3739.727934,3147.545124,9891.0652,3369.076366,3541.381854,2980.606981
All Institutions,2014-15,2 Year,10643.75259,3553.194838,3831.505186,3259.05257,10152.62984,3389.24375,3654.712335,3108.673759
All Institutions,2015-16,2 Year,10837.79839,3552.766529,4008.321163,3276.710695,10407.43306,3411.687366,3849.152078,3146.593616
All Institutions,2016-17,2 Year,10836.37105,3598.182902,4020.355383,3217.832763,10597.48053,3518.860056,3931.725639,3146.894832
All Institutions,2017-18,2 Year,10704.1654,3538.746952,3925.874059,3239.544385,10704.1654,3538.746952,3925.874059,3239.544385
Public Institutions,1966-67,2 Year,5351.929398,912.0893763,1605.578819,2834.261202,710,121,213,376
Public Institutions,1967-68,2 Year,5756.628264,1050.639379,1772.953952,2933.034933,789,144,243,402
Public Institutions,1968-69,2 Year,6142.800292,1182.645583,1933.973365,3026.181344,883,170,278,435
Public Institutions,1969-70,2 Year,6246.666473,1169.1973,2023.10544,3054.363733,951,178,308,465
Public Institutions,1970-71,2 Year,6233.599698,1168.019182,2111.179056,2954.40146,998,187,338,473
Public Institutions,1971-72,2 Year,6469.96836,1157.72034,2206.904399,3105.343621,1073,192,366,515
Public Institutions,1972-73,2 Year,6938.06086,1350.516442,2306.890746,3280.653673,1197,233,398,566
Public Institutions,1973-74,2 Year,6779.893276,1458.156011,2176.590542,3145.146724,1274,274,409,591
Public Institutions,1974-75,2 Year,6414.945403,1327.064882,2031.31953,3056.560991,1339,277,424,638
Public Institutions,1975-76,2 Year,6201.099372,1096.153929,1977.551171,3127.394272,1386,245,442,699
Public Institutions,1976-77,2 Year,6301.579454,1198.252691,1965.071018,3138.255745,1490.574147,283.4344144,464.8174443,742.3222883
Public Institutions,1977-78,2 Year,6297.293168,1213.994902,1924.852977,3158.445289,1589.597471,306.4432882,485.882004,797.2721787
Public Institutions,1978-79,2 Year,6124.812024,1185.387618,1908.48939,3030.935016,1690.873281,327.2492678,526.875552,836.7484609
Public Institutions,1979-80,2 Year,5821.778294,1134.021749,1833.806232,2853.950313,1821.510261,354.8112187,573.7588584,892.9401835
Public Institutions,1980-81,2 Year,5806.274688,1120.331032,1838.33663,2847.607026,2027.069089,391.1265875,641.7945342,994.1479676
Public Institutions,1981-82,2 Year,5863.699069,1145.596324,1854.420588,2863.682158,2223.954733,434.4960981,703.3354533,1086.123181
Public Institutions,1982-83,2 Year,6040.857275,1195.757494,1908.762489,2936.337293,2389.552653,473,755.0399324,1161.512721
Public Institutions,1983-84,2 Year,6177.044981,1287.155301,1952.030423,2937.859257,2533.866541,528,800.7363701,1205.130171
Public Institutions,1984-85,2 Year,6585.049881,1370.045326,2159.792597,3055.211958,2806.964892,584,920.6402539,1302.324638
Public Institutions,1985-86,2 Year,6797.316651,1461.616898,2189.005027,3146.694726,2981,641,960,1380
Public Institutions,1986-87,2 Year,6667.033136,1473.166188,2183.714262,3010.152686,2988.780284,660.4092058,978.9425071,1349.428571
Public Institutions,1987-88,2 Year,6566.294557,1511.8789,2019.578192,3034.837465,3065.590442,705.8473338,942.875704,1416.867405
Public Institutions,1988-89,2 Year,6516.327685,1494.638486,1974.956831,3046.732368,3182.765147,730.0251782,964.6267149,1488.113253
Public Institutions,1989-90,2 Year,6447.080902,1477.435833,1879.788667,3089.856402,3299.203217,756.0570635,961.9554823,1581.190672
Public Institutions,1990-91,2 Year,6424.638427,1526.918778,1944.622311,2953.097338,3467.465337,824.0989739,1049.539291,1593.827073
Public Institutions,1991-92,2 Year,6503.922122,1681.002165,1928.630495,2894.289462,3622.732275,936.3305223,1074.261317,1612.140436
Public Institutions,1992-93,2 Year,6613.488854,1784.788088,1925.592423,2903.108343,3798.825995,1025.192532,1106.071351,1667.562112
Public Institutions,1993-94,2 Year,6780.807841,1908.517531,2019.056327,2853.233983,3995.830264,1124.661292,1189.800178,1681.368794
Public Institutions,1994-95,2 Year,6824.29703,1967.239865,2032.213674,2824.843492,4136.724357,1192.493385,1231.878941,1712.35203
Public Institutions,1995-96,2 Year,6772.04703,1990.405851,2082.257897,2699.383282,4216.733701,1239.361067,1296.554352,1680.818282
Public Institutions,1996-97,2 Year,6876.318996,1992.184498,2090.889053,2793.245445,4403.819427,1275.860064,1339.073687,1788.885676
Public Institutions,1997-98,2 Year,6917.801032,2015.866024,2148.803971,2753.131038,4509.398348,1314.050935,1400.707108,1794.640305
Public Institutions,1998-99,2 Year,6943.215182,2000.399859,2186.704923,2756.1104,4604.316003,1326.54294,1450.089074,1827.683989
Public Institutions,1999-20,2 Year,6932.749009,1975.311665,2269.974625,2687.462719,4730.092555,1347.720361,1548.763709,1833.608484
Public Institutions,2000/1/1,2 Year,6857.456181,1888.404919,2268.02599,2701.025273,4839.016136,1332.567301,1600.449798,1905.999037
Public Institutions,2001/2/1,2 Year,7153.646138,1921.268374,2397.894025,2834.483739,5137.400001,1379.761307,1722.05062,2035.588074
Public Institutions,2002/3/1,2 Year,7631.989697,2020.653366,2662.272536,2949.063794,5601.373414,1483.025331,1953.931176,2164.416907
Public Institutions,2003/4/1,2 Year,8016.23303,2269.34116,2785.314715,2961.577155,6012.094005,1701.983005,2088.957973,2221.153027
Public Institutions,2004/5/1,2 Year,8252.274556,2392.954111,2814.169976,3045.15047,6375.369829,1848.698481,2174.112632,2352.558716
Public Institutions,2005/6/1,2 Year,8094.595221,2412.870794,2806.704059,2875.020368,6491.700556,1935.073249,2250.919509,2305.707798
Public Institutions,2006/7/1,2 Year,8284.111085,2452.169226,2926.933831,2905.008028,6815.490871,2017.444817,2408.042408,2390.003646
Public Institutions,2007/8/1,2 Year,8177.944676,2412.650111,2936.19543,2829.099134,6977.457448,2058.483415,2505.174526,2413.799507
Public Institutions,2008/9/1,2 Year,8725.441806,2468.662638,3079.043371,3177.735798,7548.518518,2135.679321,2663.729404,2749.109793
Public Institutions,2009/10/1,2 Year,8824.442095,2613.86354,3267.156247,2943.422307,7708.044271,2283.178435,2853.821774,2571.044063
Public Institutions,2010/11/1,2 Year,9066.700855,2739.427355,3316.561172,3010.712328,8078.682617,2440.90596,2955.148242,2682.628415
Public Institutions,2011/12/1,2 Year,9395.688443,2890.668179,3380.377695,3124.642569,8617.103776,2651.129593,3100.25876,2865.715423
Public Institutions,2012-13,2 Year,9574.573795,2994.019588,3482.642741,3097.911467,8927.306275,2791.615629,3247.206513,2888.484132
Public Institutions,2013-14,2 Year,9803.083215,3041.848499,3640.798176,3120.43654,9283.151507,2880.516247,3447.69909,2954.93617
Public Institutions,2014-15,2 Year,10049.17005,3097.615193,3731.138649,3220.416206,9585.482455,2954.685406,3558.976899,3071.820149
Public Institutions,2015-16,2 Year,10324.30631,3163.351499,3914.201147,3246.753661,9914.331575,3037.735875,3758.769536,3117.826165
Public Institutions,2016-17,2 Year,10317.50535,3227.585046,3909.075266,3180.845038,10090.05335,3156.432123,3822.898719,3110.72251
Public Institutions,2017-18,2 Year,10280.62036,3242.847143,3833.75071,3204.022511,10280.62036,3242.847143,3833.75071,3204.022511
Private Institutions,1966-67,2 Year,12656.18234,6369.549777,2615.661269,3670.971291,1679,845,347,487
Private Institutions,1967-68,2 Year,12855.74018,6508.127264,2670.375088,3677.237826,1762,892,366,504
Private Institutions,1968-69,2 Year,13050.84184,6650.642218,2720.08484,3680.114784,1876,956,391,529
Private Institutions,1969-70,2 Year,13091.06864,6791.853977,2712.800477,3586.414189,1993,1034,413,546
Private Institutions,1970-71,2 Year,13135.53123,6926.915897,2710.803877,3497.811454,2103,1109,434,560
Private Institutions,1971-72,2 Year,13181.12846,7066.91791,2707.377254,3406.833293,2186,1172,449,565
Private Institutions,1972-73,2 Year,13174.78056,7077.16985,2648.867012,3448.743703,2273,1221,457,595
Private Institutions,1973-74,2 Year,12825.38681,6934.223657,2570.399099,3320.764054,2410,1303,483,624
Private Institutions,1974-75,2 Year,12413.08703,6549.089146,2702.038243,3161.959646,2591,1367,564,660
Private Institutions,1975-76,2 Year,12129.27879,6384.537376,2559.183868,3185.557542,2711,1427,572,712
Private Institutions,1976-77,2 Year,12559.74062,6730.369309,2567.608966,3261.762345,2970.878142,1592,607.3416311,771.5365108
Private Institutions,1977-78,2 Year,12470.46581,6756.482517,2501.640201,3212.343089,3147.863754,1705.508579,631.477816,810.8773587
Private Institutions,1978-79,2 Year,12277.09895,6631.659166,2535.978749,3109.461032,3389.331541,1830.798275,700.1061731,858.4270923
Private Institutions,1979-80,2 Year,11989.64526,6589.533852,2449.241713,2950.869693,3751.304284,2061.7246,766.3154941,923.2641904
Private Institutions,1980-81,2 Year,12325.01604,6911.58848,2495.940604,2917.486955,4302.872389,2412.952903,871.3752481,1018.544237
Private Institutions,1981-82,2 Year,12514.19943,6867.696801,2695.768603,2950.734024,4746.323561,2604.746018,1022.43776,1119.139782
Private Institutions,1982-83,2 Year,13560.93641,7604.309812,2976.159306,2980.467288,5364.23393,3008,1177.264922,1178.969009
Private Institutions,1983-84,2 Year,13581.04806,7554.724011,3054.320926,2972.003121,5571.039772,3099,1252.903552,1219.13622
Private Institutions,1984-85,2 Year,14552.8016,8175.698564,3340.961973,3036.141067,6203.324792,3485,1424.129374,1294.195418
Private Institutions,1985-86,2 Year,14848.75077,8372.944227,3420.320354,3055.486183,6512,3672,1500,1340
Private Institutions,1986-87,2 Year,14240.06185,8217.1513,2823.91428,3198.996269,6383.7115,3683.686476,1265.939309,1434.085714
Private Institutions,1987-88,2 Year,15160.36607,8912.462925,2956.483073,3291.420073,7077.884327,4160.940531,1380.286275,1536.657521
Private Institutions,1988-89,2 Year,16311.32964,9863.128592,3153.073091,3295.12796,7966.930761,4817.440656,1540.053175,1609.43693
Private Institutions,1989-90,2 Year,16942.8229,10154.22999,3249.917694,3538.675207,8670.251957,5196.284765,1663.099793,1810.8674
Private Institutions,1990-91,2 Year,17235.59856,10320.32476,3230.844917,3684.428884,9302.288567,5570.0206,1743.731244,1988.536723
Private Institutions,1991-92,2 Year,17293.30621,10330.44071,3210.784865,3752.080637,9632.498265,5754.131164,1788.430695,2089.936406
Private Institutions,1992-93,2 Year,17241.19557,10548.0254,3429.605589,3263.564583,9903.441794,6058.846392,1969.985155,1874.610247
Private Institutions,1993-94,2 Year,17659.28119,10809.61897,3506.850254,3342.811966,10406.3545,6369.949367,2066.535242,1969.869893
Private Institutions,1994-95,2 Year,18427.77488,11406.24681,3684.571262,3336.956808,11170.47292,6914.191864,2233.498281,2022.782778
Private Institutions,1995-96,2 Year,18570.85455,11393.70682,3807.886272,3369.261457,11563.46786,7094.491118,2371.047085,2097.929661
Private Institutions,1996-97,2 Year,18666.13428,11298.9323,3961.991668,3405.210321,11954.40247,7236.20553,2537.388956,2180.807983
Private Institutions,1997-98,2 Year,19822.40727,11450.93268,4099.603077,4271.871506,12921.32141,7464.339708,2672.343893,2784.637809
Private Institutions,1998-99,2 Year,20084.92078,11842.93743,3892.518667,4349.46468,13319.09205,7853.512371,2581.280505,2884.299176
Private Institutions,1999-20,2 Year,20585.32772,12054.9864,4495.870664,4034.47066,14045.00657,8224.904918,3067.453376,2752.648279
Private Institutions,2000/1/1,2 Year,21125.32403,12848.59571,4260.110101,4016.618214,14907.24565,9066.709337,3006.17911,2834.357207
Private Institutions,2001/2/1,2 Year,22036.25526,14030.79057,4338.962067,3666.502622,15825.36452,10076.22995,3116.031083,2633.103485
Private Institutions,2002/3/1,2 Year,24189.12289,14511.97882,4403.972001,5273.172068,17753.20922,10650.82837,3232.222876,3870.15798
Private Institutions,2003/4/1,2 Year,26078.12889,15394.19872,4774.26514,5909.665026,19558.33392,11545.49394,3580.650752,4432.189227
Private Institutions,2004/5/1,2 Year,26272.80388,15690.78971,5792.919862,4789.094306,20297.2938,12122.06243,4475.372973,3699.858401
Private Institutions,2005/6/1,2 Year,26688.95368,15523.90696,5203.768843,5961.277868,21403.99744,12449.85731,4173.31666,4780.823475
Private Institutions,2006/7/1,2 Year,24655.36387,15446.04257,5040.467143,4168.85415,20284.42227,12707.74391,4146.885218,3429.793144
Private Institutions,2007/8/1,2 Year,25417.4581,15386.53506,5255.510481,4775.412558,21686.28419,13127.85766,4484.024068,4074.402462
Private Institutions,2008/9/1,2 Year,26265.66374,15682.10697,5263.097811,5320.45896,22722.84356,13566.84022,4553.189646,4602.813689
Private Institutions,2009/10/1,2 Year,28006.46895,17015.09958,5965.837127,5025.532249,24463.31454,14862.48529,5211.087137,4389.74211
Private Institutions,2010/11/1,2 Year,25926.49422,15361.38393,5542.649704,5022.460582,23101.22739,13687.4203,4938.655033,4475.152059
Private Institutions,2011/12/1,2 Year,25737.33428,15222.8888,5635.603757,4878.841729,23604.5801,13961.42638,5168.602887,4474.550827
Private Institutions,2012-13,2 Year,25047.94807,15175.16191,5606.968792,4265.817366,23354.63789,14149.27923,5227.922281,3977.43638
Private Institutions,2013-14,2 Year,25207.28662,14964.02483,5796.12817,4447.133619,23870.3534,14170.36932,5488.715618,4211.26846
Private Institutions,2014-15,2 Year,25503.70339,14950.9783,5772.548356,4780.17674,24326.91458,14261.11206,5506.192125,4559.6104
Private Institutions,2015-16,2 Year,25383.08007,15128.34385,5900.726247,4354.00997,24375.1265,14527.60241,5666.410393,4181.113698
Private Institutions,2016-17,2 Year,25449.10731,14917.98288,6082.839915,4448.284521,24888.07535,14589.1122,5948.742181,4350.220971
Private Institutions,2017-18,2 Year,25596.3022,14893.81266,6057.023898,4645.465642,25596.3022,14893.81266,6057.023898,4645.465642
